CREATE TABLE t1 (a INT PRIMARY KEY) ENGINE=InnoDB;
INSERT INTO t1 VALUES (0), (1);
START TRANSACTION WITH CONSISTENT SNAPSHOT;
SELECT * FROM t1;
a
0
1
START TRANSACTION WITH CONSISTENT SNAPSHOT FROM SESSION $con1_id;
SELECT * FROM t1;
a
0
1
ROLLBACK;
ROLLBACK;
DROP TABLE t1;
